{
  "hash": "168f0dd4",
  "configHash": "5aee3f60",
  "lockfileHash": "7346fe2f",
  "browserHash": "1fc200da",
  "optimized": {
    "@angular/common": {
      "src": "../../../../../node_modules/@angular/common/fesm2022/common.mjs",
      "file": "@angular_common.js",
      "fileHash": "cd8f7383",
      "needsInterop": false
    },
    "@angular/common/http": {
      "src": "../../../../../node_modules/@angular/common/fesm2022/http.mjs",
      "file": "@angular_common_http.js",
      "fileHash": "9e268f75",
      "needsInterop": false
    },
    "@angular/core": {
      "src": "../../../../../node_modules/@angular/core/fesm2022/core.mjs",
      "file": "@angular_core.js",
      "fileHash": "34243c7e",
      "needsInterop": false
    },
    "@angular/forms": {
      "src": "../../../../../node_modules/@angular/forms/fesm2022/forms.mjs",
      "file": "@angular_forms.js",
      "fileHash": "89cb1408",
      "needsInterop": false
    },
    "@angular/platform-browser": {
      "src": "../../../../../node_modules/@angular/platform-browser/fesm2022/platform-browser.mjs",
      "file": "@angular_platform-browser.js",
      "fileHash": "d8bacc53",
      "needsInterop": false
    },
    "@angular/router": {
      "src": "../../../../../node_modules/@angular/router/fesm2022/router.mjs",
      "file": "@angular_router.js",
      "fileHash": "15f0338c",
      "needsInterop": false
    }
  },
  "chunks": {
    "chunk-K46KPQRW": {
      "file": "chunk-K46KPQRW.js"
    },
    "chunk-VOJJKSGY": {
      "file": "chunk-VOJJKSGY.js"
    },
    "chunk-UNARJEO4": {
      "file": "chunk-UNARJEO4.js"
    },
    "chunk-I6SZ75KR": {
      "file": "chunk-I6SZ75KR.js"
    }
  }
}